# OUT_OF_SCOPE — serie; manutencao separada (regra 4 de 01-plano-extracao.md)
# documento=manual-de-calculo-trabalhista_2016-1.pdf item=9.2.11 tabela='TABELA PRATICA DE ACRESCIMOS LEGAIS - TABELA I' pagina_pdf=178-179
competencia,competencia_original,coef_ufir,pct_juros_devido_ate_dez79,documento,item,pagina_pdf
1964-08,ago/64,"0,10418756",185,manual-de-calculo-trabalhista_2016-1.pdf,9.2.11,178
1964-09,set/64,"0,08785913",184,manual-de-calculo-trabalhista_2016-1.pdf,9.2.11,178
1964-10,out/64,"0,08785913",183,manual-de-calculo-trabalhista_2016-1.pdf,9.2.11,178
1964-11,nov/64,"0,08785913",182,manual-de-calculo-trabalhista_2016-1.pdf,9.2.11,178
1964-12,dez/64,"0,07745492",181,manual-de-calculo-trabalhista_2016-1.pdf,9.2.11,178
1965-01,jan/65,"0,07745492",180,manual-de-calculo-trabalhista_2016-1.pdf,9.2.11,178
1965-02,fev/65,"0,07745492",179,manual-de-calculo-trabalhista_2016-1.pdf,9.2.11,178
1965-03,mar/65,"0,07404481",178,manual-de-calculo-trabalhista_2016-1.pdf,9.2.11,178
1965-04,abr/65,"0,07404481",177,manual-de-calculo-trabalhista_2016-1.pdf,9.2.11,178
1965-05,mai/65,"0,07404481",176,manual-de-calculo-trabalhista_2016-1.pdf,9.2.11,178
1965-06,jun/65,"0,07092213",175,manual-de-calculo-trabalhista_2016-1.pdf,9.2.11,178
1965-07,jul/65,"0,07092213",174,manual-de-calculo-trabalhista_2016-1.pdf,9.2.11,178
1965-08,ago/65,"0,07092213",173,manual-de-calculo-trabalhista_2016-1.pdf,9.2.11,178
1965-09,set/65,"0,06689280",172,manual-de-calculo-trabalhista_2016-1.pdf,9.2.11,178
1965-10,out/65,"0,06689280",171,manual-de-calculo-trabalhista_2016-1.pdf,9.2.11,178
1965-11,nov/65,"0,06689280",170,manual-de-calculo-trabalhista_2016-1.pdf,9.2.11,178
1965-12,dez/65,"0,04924111",169,manual-de-calculo-trabalhista_2016-1.pdf,9.2.11,178
1966-01,jan/66,"0,04924111",168,manual-de-calculo-trabalhista_2016-1.pdf,9.2.11,178
1966-02,fev/66,"0,04924111",167,manual-de-calculo-trabalhista_2016-1.pdf,9.2.11,178
1966-03,mar/66,"0,05448014",166,manual-de-calculo-trabalhista_2016-1.pdf,9.2.11,178
1966-04,abr/66,"0,05448014",165,manual-de-calculo-trabalhista_2016-1.pdf,9.2.11,178
1966-05,mai/66,"0,05448014",164,manual-de-calculo-trabalhista_2016-1.pdf,9.2.11,178
1966-06,jun/66,"0,05068147",163,manual-de-calculo-trabalhista_2016-1.pdf,9.2.11,178
1966-07,jul/66,"0,05068147",162,manual-de-calculo-trabalhista_2016-1.pdf,9.2.11,178
1966-08,ago/66,"0,05068147",161,manual-de-calculo-trabalhista_2016-1.pdf,9.2.11,178
1966-09,set/66,"0,04778057",160,manual-de-calculo-trabalhista_2016-1.pdf,9.2.11,178
1966-10,out/66,"0,04778057",159,manual-de-calculo-trabalhista_2016-1.pdf,9.2.11,178
1966-11,nov/66,"0,04778057",158,manual-de-calculo-trabalhista_2016-1.pdf,9.2.11,178
1966-12,dez/66,"0,04497016",157,manual-de-calculo-trabalhista_2016-1.pdf,9.2.11,178
1967-01,jan/67,"0,04497016",156,manual-de-calculo-trabalhista_2016-1.pdf,9.2.11,178
1967-02,fev/67,"0,04497016",155,manual-de-calculo-trabalhista_2016-1.pdf,9.2.11,178
1967-03,mar/67,"0,04299897",154,manual-de-calculo-trabalhista_2016-1.pdf,9.2.11,178
1967-04,abr/67,"0,04299897",153,manual-de-calculo-trabalhista_2016-1.pdf,9.2.11,178
1967-05,mai/67,"0,04299897",152,manual-de-calculo-trabalhista_2016-1.pdf,9.2.11,178
1967-06,jun/67,"0,04133827",151,manual-de-calculo-trabalhista_2016-1.pdf,9.2.11,178
1967-07,jul/67,"0,04133827",150,manual-de-calculo-trabalhista_2016-1.pdf,9.2.11,178
1967-08,ago/67,"0,04133827",149,manual-de-calculo-trabalhista_2016-1.pdf,9.2.11,178
1967-09,set/67,"0,03946821",148,manual-de-calculo-trabalhista_2016-1.pdf,9.2.11,178
1967-10,out/67,"0,03946821",147,manual-de-calculo-trabalhista_2016-1.pdf,9.2.11,178
1967-11,nov/67,"0,03946821",146,manual-de-calculo-trabalhista_2016-1.pdf,9.2.11,178
1967-12,dez/67,"0,03668796",145,manual-de-calculo-trabalhista_2016-1.pdf,9.2.11,178
1968-01,jan/68,"0,03668796",144,manual-de-calculo-trabalhista_2016-1.pdf,9.2.11,178
1968-02,fev/68,"0,03668796",143,manual-de-calculo-trabalhista_2016-1.pdf,9.2.11,178
1968-03,mar/68,"0,03475047",142,manual-de-calculo-trabalhista_2016-1.pdf,9.2.11,178
1968-04,abr/68,"0,03475047",141,manual-de-calculo-trabalhista_2016-1.pdf,9.2.11,178
1968-05,mai/68,"0,03475047",140,manual-de-calculo-trabalhista_2016-1.pdf,9.2.11,178
1968-06,jun/68,"0,03305252",139,manual-de-calculo-trabalhista_2016-1.pdf,9.2.11,178
1968-07,jul/68,"0,03305252",138,manual-de-calculo-trabalhista_2016-1.pdf,9.2.11,178
1968-08,ago/68,"0,03305252",137,manual-de-calculo-trabalhista_2016-1.pdf,9.2.11,178
1968-09,set/68,"0,03145392",136,manual-de-calculo-trabalhista_2016-1.pdf,9.2.11,178
1968-10,out/68,"0,03145392",135,manual-de-calculo-trabalhista_2016-1.pdf,9.2.11,178
1968-11,nov/68,"0,03145392",134,manual-de-calculo-trabalhista_2016-1.pdf,9.2.11,178
1968-12,dez/68,"0,03018710",133,manual-de-calculo-trabalhista_2016-1.pdf,9.2.11,178
1969-01,jan/69,"0,03018710",132,manual-de-calculo-trabalhista_2016-1.pdf,9.2.11,178
1969-02,fev/69,"0,03018710",131,manual-de-calculo-trabalhista_2016-1.pdf,9.2.11,178
1969-03,mar/69,"0,02949159",130,manual-de-calculo-trabalhista_2016-1.pdf,9.2.11,178
1969-04,abr/69,"0,02949159",129,manual-de-calculo-trabalhista_2016-1.pdf,9.2.11,178
1969-05,mai/69,"0,02949159",128,manual-de-calculo-trabalhista_2016-1.pdf,9.2.11,178
1969-06,jun/69,"0,02779896",127,manual-de-calculo-trabalhista_2016-1.pdf,9.2.11,178
1969-07,jul/69,"0,02779896",126,manual-de-calculo-trabalhista_2016-1.pdf,9.2.11,178
1969-08,ago/69,"0,02779896",125,manual-de-calculo-trabalhista_2016-1.pdf,9.2.11,178
1969-09,set/69,"0,02634649",124,manual-de-calculo-trabalhista_2016-1.pdf,9.2.11,178
1969-10,out/69,"0,02634649",123,manual-de-calculo-trabalhista_2016-1.pdf,9.2.11,178
1969-11,nov/69,"0,02634649",122,manual-de-calculo-trabalhista_2016-1.pdf,9.2.11,178
1969-12,dez/69,"0,02548356",121,manual-de-calculo-trabalhista_2016-1.pdf,9.2.11,178
1970-01,jan/70,"0,02548356",120,manual-de-calculo-trabalhista_2016-1.pdf,9.2.11,178
1970-02,fev/70,"0,02548356",119,manual-de-calculo-trabalhista_2016-1.pdf,9.2.11,178
1970-03,mar/70,"0,02472773",118,manual-de-calculo-trabalhista_2016-1.pdf,9.2.11,178
1970-04,abr/70,"0,02472773",117,manual-de-calculo-trabalhista_2016-1.pdf,9.2.11,178
1970-05,mai/70,"0,02472773",116,manual-de-calculo-trabalhista_2016-1.pdf,9.2.11,178
1970-06,jun/70,"0,02330833",115,manual-de-calculo-trabalhista_2016-1.pdf,9.2.11,178
1970-07,jul/70,"0,02330833",114,manual-de-calculo-trabalhista_2016-1.pdf,9.2.11,178
1970-08,ago/70,"0,02330833",113,manual-de-calculo-trabalhista_2016-1.pdf,9.2.11,178
1970-09,set/70,"0,02236620",112,manual-de-calculo-trabalhista_2016-1.pdf,9.2.11,178
1970-10,out/70,"0,02236620",111,manual-de-calculo-trabalhista_2016-1.pdf,9.2.11,178
1970-11,nov/70,"0,02236620",110,manual-de-calculo-trabalhista_2016-1.pdf,9.2.11,178
1970-12,dez/70,"0,02137440",109,manual-de-calculo-trabalhista_2016-1.pdf,9.2.11,178
1971-01,jan/71,"0,02137440",108,manual-de-calculo-trabalhista_2016-1.pdf,9.2.11,178
1971-02,fev/71,"0,02137440",107,manual-de-calculo-trabalhista_2016-1.pdf,9.2.11,178
1971-03,mar/71,"0,02008806",106,manual-de-calculo-trabalhista_2016-1.pdf,9.2.11,178
1971-04,abr/71,"0,02008806",105,manual-de-calculo-trabalhista_2016-1.pdf,9.2.11,178
1971-05,mai/71,"0,02008806",104,manual-de-calculo-trabalhista_2016-1.pdf,9.2.11,178
1971-06,jun/71,"0,01913707",103,manual-de-calculo-trabalhista_2016-1.pdf,9.2.11,178
1971-07,jul/71,"0,01913707",102,manual-de-calculo-trabalhista_2016-1.pdf,9.2.11,178
1971-08,ago/71,"0,01913707",101,manual-de-calculo-trabalhista_2016-1.pdf,9.2.11,178
1971-09,set/71,"0,01845043",100,manual-de-calculo-trabalhista_2016-1.pdf,9.2.11,178
1971-10,out/71,"0,01845043",99,manual-de-calculo-trabalhista_2016-1.pdf,9.2.11,178
1971-11,nov/71,"0,01845043",98,manual-de-calculo-trabalhista_2016-1.pdf,9.2.11,178
1971-12,dez/71,"0,01758992",97,manual-de-calculo-trabalhista_2016-1.pdf,9.2.11,178
1972-01,jan/72,"0,01758992",96,manual-de-calculo-trabalhista_2016-1.pdf,9.2.11,178
1972-02,fev/72,"0,01758992",95,manual-de-calculo-trabalhista_2016-1.pdf,9.2.11,178
1972-03,mar/72,"0,01797539",94,manual-de-calculo-trabalhista_2016-1.pdf,9.2.11,178
1972-04,abr/72,"0,01797539",93,manual-de-calculo-trabalhista_2016-1.pdf,9.2.11,178
1972-05,mai/72,"0,01797539",92,manual-de-calculo-trabalhista_2016-1.pdf,9.2.11,178
1972-06,jun/72,"0,01661231",91,manual-de-calculo-trabalhista_2016-1.pdf,9.2.11,178
1972-07,jul/72,"0,01661231",90,manual-de-calculo-trabalhista_2016-1.pdf,9.2.11,178
1972-08,ago/72,"0,01661231",89,manual-de-calculo-trabalhista_2016-1.pdf,9.2.11,178
1972-09,set/72,"0,01608535",88,manual-de-calculo-trabalhista_2016-1.pdf,9.2.11,178
1972-10,out/72,"0,01608535",87,manual-de-calculo-trabalhista_2016-1.pdf,9.2.11,178
1972-11,nov/72,"0,01608535",86,manual-de-calculo-trabalhista_2016-1.pdf,9.2.11,178
1972-12,dez/72,"0,01553179",85,manual-de-calculo-trabalhista_2016-1.pdf,9.2.11,178
1973-01,jan/73,"0,01553179",84,manual-de-calculo-trabalhista_2016-1.pdf,9.2.11,178
1973-02,fev/73,"0,01553179",83,manual-de-calculo-trabalhista_2016-1.pdf,9.2.11,178
1973-03,mar/73,"0,01511839",82,manual-de-calculo-trabalhista_2016-1.pdf,9.2.11,178
1973-04,abr/73,"0,01511839",81,manual-de-calculo-trabalhista_2016-1.pdf,9.2.11,178
1973-05,mai/73,"0,01511839",80,manual-de-calculo-trabalhista_2016-1.pdf,9.2.11,178
1973-06,jun/73,"0,01460385",79,manual-de-calculo-trabalhista_2016-1.pdf,9.2.11,178
1973-07,jul/73,"0,01460385",78,manual-de-calculo-trabalhista_2016-1.pdf,9.2.11,178
1973-08,ago/73,"0,01460385",77,manual-de-calculo-trabalhista_2016-1.pdf,9.2.11,178
1973-09,set/73,"0,01406093",76,manual-de-calculo-trabalhista_2016-1.pdf,9.2.11,178
1973-10,out/73,"0,01406093",75,manual-de-calculo-trabalhista_2016-1.pdf,9.2.11,178
1973-11,nov/73,"0,01406093",74,manual-de-calculo-trabalhista_2016-1.pdf,9.2.11,178
1973-12,dez/73,"0,01310994",73,manual-de-calculo-trabalhista_2016-1.pdf,9.2.11,178
1974-01,jan/74,"0,01310994",72,manual-de-calculo-trabalhista_2016-1.pdf,9.2.11,178
1974-02,fev/74,"0,01310994",71,manual-de-calculo-trabalhista_2016-1.pdf,9.2.11,178
1974-03,mar/74,"0,01155392",70,manual-de-calculo-trabalhista_2016-1.pdf,9.2.11,178
1974-04,abr/74,"0,01155392",69,manual-de-calculo-trabalhista_2016-1.pdf,9.2.11,178
1974-05,mai/74,"0,01155392",68,manual-de-calculo-trabalhista_2016-1.pdf,9.2.11,178
1974-06,jun/74,"0,01102696",67,manual-de-calculo-trabalhista_2016-1.pdf,9.2.11,178
1974-07,jul/74,"0,01102696",66,manual-de-calculo-trabalhista_2016-1.pdf,9.2.11,178
1974-08,ago/74,"0,01102696",65,manual-de-calculo-trabalhista_2016-1.pdf,9.2.11,178
1974-09,set/74,"0,01048759",64,manual-de-calculo-trabalhista_2016-1.pdf,9.2.11,178
1974-10,out/74,"0,01048759",63,manual-de-calculo-trabalhista_2016-1.pdf,9.2.11,178
1974-11,nov/74,"0,01048759",62,manual-de-calculo-trabalhista_2016-1.pdf,9.2.11,178
1974-12,dez/74,"0,00987193",61,manual-de-calculo-trabalhista_2016-1.pdf,9.2.11,178
1975-01,jan/75,"0,00987193",60,manual-de-calculo-trabalhista_2016-1.pdf,9.2.11,178
1975-02,fev/75,"0,00987193",59,manual-de-calculo-trabalhista_2016-1.pdf,9.2.11,178
1975-03,mar/75,"0,00936628",58,manual-de-calculo-trabalhista_2016-1.pdf,9.2.11,178
1975-04,abr/75,"0,00936628",57,manual-de-calculo-trabalhista_2016-1.pdf,9.2.11,178
1975-05,mai/75,"0,00936628",56,manual-de-calculo-trabalhista_2016-1.pdf,9.2.11,178
1975-06,jun/75,"0,00882867",55,manual-de-calculo-trabalhista_2016-1.pdf,9.2.11,178
1975-07,jul/75,"0,00882867",54,manual-de-calculo-trabalhista_2016-1.pdf,9.2.11,178
1975-08,ago/75,"0,00882867",53,manual-de-calculo-trabalhista_2016-1.pdf,9.2.11,178
1975-09,set/75,"0,00827688",52,manual-de-calculo-trabalhista_2016-1.pdf,9.2.11,178
1975-10,out/75,"0,00827688",51,manual-de-calculo-trabalhista_2016-1.pdf,9.2.11,178
1975-11,nov/75,"0,00827688",50,manual-de-calculo-trabalhista_2016-1.pdf,9.2.11,178
1975-12,dez/75,"0,00761508",49,manual-de-calculo-trabalhista_2016-1.pdf,9.2.11,178
1976-01,jan/76,"0,00761508",48,manual-de-calculo-trabalhista_2016-1.pdf,9.2.11,178
1976-02,fev/76,"0,00761508",47,manual-de-calculo-trabalhista_2016-1.pdf,9.2.11,178
1976-03,mar/76,"0,00699409",46,manual-de-calculo-trabalhista_2016-1.pdf,9.2.11,178
1976-04,abr/76,"0,00699409",45,manual-de-calculo-trabalhista_2016-1.pdf,9.2.11,178
1976-05,mai/76,"0,00699409",44,manual-de-calculo-trabalhista_2016-1.pdf,9.2.11,178
1976-06,jun/76,"0,00641036",43,manual-de-calculo-trabalhista_2016-1.pdf,9.2.11,178
1976-07,jul/76,"0,00641036",42,manual-de-calculo-trabalhista_2016-1.pdf,9.2.11,178
1976-08,ago/76,"0,00641036",41,manual-de-calculo-trabalhista_2016-1.pdf,9.2.11,178
1976-09,set/76,"0,00604309",40,manual-de-calculo-trabalhista_2016-1.pdf,9.2.11,178
1976-10,out/76,"0,00604309",39,manual-de-calculo-trabalhista_2016-1.pdf,9.2.11,178
1976-11,nov/76,"0,00604309",38,manual-de-calculo-trabalhista_2016-1.pdf,9.2.11,178
1976-12,dez/76,"0,00550727",37,manual-de-calculo-trabalhista_2016-1.pdf,9.2.11,178
1977-01,jan/77,"0,00550727",36,manual-de-calculo-trabalhista_2016-1.pdf,9.2.11,178
1977-02,fev/77,"0,00550727",35,manual-de-calculo-trabalhista_2016-1.pdf,9.2.11,178
1977-03,mar/77,"0,00518258",34,manual-de-calculo-trabalhista_2016-1.pdf,9.2.11,178
1977-04,abr/77,"0,00518258",33,manual-de-calculo-trabalhista_2016-1.pdf,9.2.11,178
1977-05,mai/77,"0,00518258",32,manual-de-calculo-trabalhista_2016-1.pdf,9.2.11,178
1977-06,jun/77,"0,00493951",31,manual-de-calculo-trabalhista_2016-1.pdf,9.2.11,178
1977-07,jul/77,"0,00493951",30,manual-de-calculo-trabalhista_2016-1.pdf,9.2.11,178
1977-08,ago/77,"0,00493951",29,manual-de-calculo-trabalhista_2016-1.pdf,9.2.11,178
1977-09,set/77,"0,00460950",28,manual-de-calculo-trabalhista_2016-1.pdf,9.2.11,178
1977-10,out/77,"0,00460950",27,manual-de-calculo-trabalhista_2016-1.pdf,9.2.11,178
1977-11,nov/77,"0,00460950",26,manual-de-calculo-trabalhista_2016-1.pdf,9.2.11,178
1977-12,dez/77,"0,00421916",25,manual-de-calculo-trabalhista_2016-1.pdf,9.2.11,178
1978-01,jan/78,"0,00421916",24,manual-de-calculo-trabalhista_2016-1.pdf,9.2.11,178
1978-02,fev/78,"0,00421916",23,manual-de-calculo-trabalhista_2016-1.pdf,9.2.11,178
1978-03,mar/78,"0,00388206",22,manual-de-calculo-trabalhista_2016-1.pdf,9.2.11,178
1978-04,abr/78,"0,00388206",21,manual-de-calculo-trabalhista_2016-1.pdf,9.2.11,178
1978-05,mai/78,"0,00388206",20,manual-de-calculo-trabalhista_2016-1.pdf,9.2.11,178
1978-06,jun/78,"0,00360172",19,manual-de-calculo-trabalhista_2016-1.pdf,9.2.11,178
1978-07,jul/78,"0,00360172",18,manual-de-calculo-trabalhista_2016-1.pdf,9.2.11,178
1978-08,ago/78,"0,00360172",17,manual-de-calculo-trabalhista_2016-1.pdf,9.2.11,178
1978-09,set/78,"0,00335865",16,manual-de-calculo-trabalhista_2016-1.pdf,9.2.11,178
1978-10,out/78,"0,00335865",15,manual-de-calculo-trabalhista_2016-1.pdf,9.2.11,178
1978-11,nov/78,"0,00335865",14,manual-de-calculo-trabalhista_2016-1.pdf,9.2.11,178
1978-12,dez/78,"0,00301800",13,manual-de-calculo-trabalhista_2016-1.pdf,9.2.11,178
1979-01,jan/79,"0,00301800",12,manual-de-calculo-trabalhista_2016-1.pdf,9.2.11,178
1979-02,fev/79,"0,00301800",11,manual-de-calculo-trabalhista_2016-1.pdf,9.2.11,178
1979-03,mar/79,"0,00273376",10,manual-de-calculo-trabalhista_2016-1.pdf,9.2.11,178
1979-04,abr/79,"0,00273376",9,manual-de-calculo-trabalhista_2016-1.pdf,9.2.11,178
1979-05,mai/79,"0,00273376",8,manual-de-calculo-trabalhista_2016-1.pdf,9.2.11,178
1979-06,jun/79,"0,00241298",7,manual-de-calculo-trabalhista_2016-1.pdf,9.2.11,178
1979-07,jul/79,"0,00241298",6,manual-de-calculo-trabalhista_2016-1.pdf,9.2.11,178
1979-08,ago/79,"0,00241298",5,manual-de-calculo-trabalhista_2016-1.pdf,9.2.11,178
1979-09,set/79,"0,00215394",4,manual-de-calculo-trabalhista_2016-1.pdf,9.2.11,178
1979-10,out/79,"0,00215394",3,manual-de-calculo-trabalhista_2016-1.pdf,9.2.11,178
1979-11,nov/79,"0,00215394",2,manual-de-calculo-trabalhista_2016-1.pdf,9.2.11,178
1979-12,dez/79,"0,00194635",1,manual-de-calculo-trabalhista_2016-1.pdf,9.2.11,178
